,Hotel Sheraton Surabaya,Alun-Alun Surabaya,Jalan Tunjungan,Hotel Majapahit,Gedung Negara Grahadi,Monumen Bambu Runcing,Taman Apsari,Monumen Kapal Selam,Plaza Surabaya,Taman Prestasi,Gedung Siola,Pasar Blauran,Jalan Basuki Rahmat,Monumen Tugu Pahlawan,Jalan Kedungdoro,Taman Ekspresi,Jalan Raya Darmo Permai,Graha Famili Timur,Spazio Jalan Yono Soewoyo,Plaza Segi Delapan,Jalan HR Muhammad,Taman Pradah Kalikendal,Kawasan Sukomanunggal,Jalan Raya Kupang Indah,Taman Makam Pahlawan Mayjen Sungkono,Ciputra World Surabaya,Kampus B Unair,Jalan Dharmahusada,Taman Mojo,Jalan Manyar Kertoarjo,Kampus A Unair Kedokteran,Jalan Kertajaya Indah,Taman Flora Bratang,Taman Kebun Bibit Bratang,Jalan Karang Menur,Kawasan Menur Pumpungan,Jembatan Merah Surabaya,Kya-Kya Kembang Jepun,House of Sampoerna,Stasiun Surabaya Kota (Semut),Kawasan Ampel Suci,Taman Jayengrono,Jalan Rajawali,Gedung Cerutu,Jalan Kembang Jepun Timur,Kawasan Kapasan,Taman Bungkul,Jalan Raya Darmo (CFD),Kebun Binatang Surabaya,Patung Suro dan Boyo,Kawasan Kampus Ketintang Unesa
Hotel Sheraton Surabaya,0.0,745.63,1812.16,2034.86,403.33,1102.7,576.44,2020.25,1916.99,1598.22,1542.79,1819.42,1897.33,2802.69,2109.41,1820.98,8581.5,10048.02,10024.61,9927.68,7991.98,9275.42,6816.06,7008.6,6285.64,5184.03,2770.99,3558.0,4300.03,4372.12,2719.53,5540.58,6006.54,5923.44,3449.12,6277.87,4293.5,3639.06,5259.52,3511.15,4337.74,4303.53,4421.45,4654.0,3412.15,3481.95,4086.42,3524.59,4885.59,5020.03,7664.08
Alun-Alun Surabaya,2807.05,0.0,2517.26,2739.96,1532.32,578.87,1362.48,1496.42,1393.17,1462.57,2247.89,2661.51,2144.86,3507.79,2951.5,1781.98,8302.14,9768.66,9916.9,9819.97,7962.99,8996.05,7063.71,6729.24,6006.28,4660.2,2247.17,3034.17,3776.2,3848.3,2195.7,5016.75,5482.72,5399.61,2925.3,5754.04,4998.6,4344.16,5964.62,4216.25,5042.83,5008.63,5126.55,5359.1,4117.25,3630.34,3562.6,3000.76,4361.76,4496.2,7140.26
Jalan Tunjungan,289.79,1035.41,0.0,222.7,693.12,1392.49,866.23,2310.04,2206.78,1888.01,1697.02,1315.85,1393.76,2530.21,1605.84,2110.77,8077.93,9544.45,9521.04,9424.11,7488.41,8771.85,6312.49,6505.03,5782.07,5411.59,3060.78,3847.79,4589.82,4661.91,3009.32,5830.37,6296.33,6213.23,3738.91,6567.66,4021.02,3928.85,4987.05,3800.94,4627.52,4031.06,4148.98,4381.53,3701.93,3771.74,4376.21,3814.38,5175.37,5309.82,7953.87
Hotel Majapahit,94.84,840.46,1840.33,0.0,498.17,1197.54,671.27,2115.09,2011.83,1693.06,1502.07,1120.9,1198.81,2335.26,1410.89,1915.81,7882.98,9349.5,9326.09,9229.16,7293.46,8576.9,6117.53,6310.08,5587.12,5216.64,2865.83,3652.83,4394.86,4466.96,2814.37,5635.42,6101.38,6018.28,3543.96,6372.71,3826.07,3733.89,4792.1,3605.99,4432.57,3836.1,3954.03,4186.58,3506.98,3576.79,4181.26,3619.42,4980.42,5114.87,7758.92
Gedung Negara Grahadi,5000.0,5000.0,5000.0,5000.0,0.0,5000.0,5000.0,5000.0,5000.0,5000.0,5000.0,5000.0,5000.0,5000.0,5000.0,5000.0,5000.0,5000.0,5000.0,5000.0,5000.0,5000.0,5000.0,5000.0,5000.0,5000.0,5000.0,5000.0,5000.0,5000.0,5000.0,5000.0,5000.0,5000.0,5000.0,5000.0,5000.0,5000.0,5000.0,5000.0,5000.0,5000.0,5000.0,5000.0,5000.0,5000.0,5000.0,5000.0,5000.0,5000.0,5000.0
Monumen Bambu Runcing,3875.62,2347.94,3585.83,3808.53,2005.65,0.0,1835.81,1878.08,1009.16,2531.14,3316.47,3133.1,1565.99,4347.46,3423.09,2850.56,7723.27,9189.79,9338.02,9241.1,7384.12,8417.18,6484.84,6150.37,5427.4,4081.33,3116.71,3737.98,3709.81,3763.18,2540.15,4949.44,4903.84,4820.74,2840.18,5258.14,5838.27,5412.73,6804.3,5284.83,6111.41,5848.31,5966.23,6198.78,5185.82,4698.92,2983.73,2421.89,3782.89,3917.33,6561.38
Taman Apsari,3156.42,571.18,2866.64,3089.34,228.88,928.25,0.0,1845.8,1742.55,1811.95,2597.27,2629.79,2114.12,3844.16,2919.78,2131.36,8271.4,9737.92,9886.15,9789.23,7932.25,8965.31,7032.97,6698.5,5975.54,4629.46,2596.54,3383.55,4125.58,4197.67,2545.08,5366.13,5451.98,5368.87,3274.67,5806.28,5334.97,4693.53,6300.99,4565.63,5392.21,5345.0,5462.93,5695.47,4466.62,3979.72,3531.86,2970.02,4331.02,4465.46,7109.52
Monumen Kapal Selam,3143.85,2214.95,2854.07,3076.77,1872.65,830.91,1702.82,0.0,277.39,1799.38,2584.7,3001.84,2235.41,3844.59,3291.83,2118.79,8359.68,9826.2,9974.44,9877.51,8020.54,9053.6,7121.25,6786.79,6063.82,4717.74,2583.97,3370.98,3871.33,3924.7,2149.59,5110.96,5228.29,5145.19,3001.7,5582.59,5335.4,4680.96,6301.43,4553.06,5379.64,5345.44,5463.36,5695.91,4454.05,3967.15,3620.14,2746.33,4419.3,4553.75,7197.8
Plaza Surabaya,3144.86,2215.95,2855.07,3077.77,1873.66,920.21,1703.82,1172.92,0.0,1800.38,2585.7,3002.85,2486.2,3845.6,3292.84,2119.79,8643.48,10110.0,10258.24,10161.31,8304.33,9337.4,7405.05,7070.58,6347.62,5001.54,2584.98,3371.98,3593.95,3647.31,1872.2,4833.57,5461.8,5378.69,2724.31,5544.53,5336.41,4681.97,6302.43,4554.06,5380.65,5346.44,5464.37,5696.92,4455.06,3968.16,3903.94,3342.1,4703.1,4837.54,7481.6
Taman Prestasi,2074.98,1292.63,1785.2,2007.9,950.33,1649.7,1123.44,1544.26,1779.4,0.0,1515.83,2639.92,3178.96,2775.72,3042.31,797.25,9372.97,10839.49,10852.4,10755.48,9033.82,10066.88,7486.78,7800.07,7077.1,5731.03,2179.83,2966.83,3708.86,3780.96,2243.53,4949.41,5723.01,5639.9,2857.96,5686.7,4266.53,3419.33,5232.56,3291.43,4118.01,4276.57,4394.49,4627.04,3192.42,2751.04,4633.43,4071.59,5432.59,5567.03,8211.08
Gedung Siola,1157.08,1902.71,867.29,1089.99,1560.41,2259.78,1733.52,3032.85,3074.08,1806.19,0.0,1124.1,2261.06,1368.16,1526.48,2028.95,8420.49,9410.64,9336.57,9239.65,7607.75,9114.4,5970.95,6847.59,6124.62,5754.15,3668.42,4455.43,5197.46,5269.55,3732.13,6438.01,7163.63,7080.52,4346.55,7175.3,2858.97,2923.32,3824.99,2686.76,3911.21,2869.0,2986.93,3219.47,3339.33,3689.92,5243.51,4681.67,6042.67,6177.11,8821.16
Pasar Blauran,1009.22,1754.85,719.43,942.13,1412.55,2111.92,1585.66,2907.19,2926.21,1680.53,381.17,0.0,2113.2,1214.37,891.24,1903.29,7693.98,8853.25,8779.19,8682.26,7050.37,8387.9,5413.56,6121.09,5398.12,5027.64,3542.76,4329.76,5071.79,5143.89,3606.47,6312.34,7015.76,6932.66,4220.89,7049.63,2705.18,2769.53,3671.2,2532.97,3757.42,2715.21,2833.13,3065.68,3185.54,3564.26,5095.65,4533.81,5873.87,6008.32,8652.37
Jalan Basuki Rahmat,2576.33,2789.5,2286.54,2509.24,2447.2,3146.57,2277.37,3778.54,3725.94,3247.64,1948.28,1567.11,0.0,2781.48,1857.1,3470.4,7842.09,9308.61,9285.19,9188.27,7252.57,8536.0,6315.38,6269.19,5546.23,5131.65,4814.87,5601.87,5610.28,5663.65,4440.62,6849.9,6643.8,6560.69,4740.65,7158.61,4272.29,4336.64,5238.31,4100.08,5324.53,4282.32,4400.24,4632.79,4752.65,5131.37,4671.82,4126.05,5470.98,5605.43,8249.48
Monumen Tugu Pahlawan,2495.95,3241.57,2206.16,2428.86,2899.28,3598.65,3072.39,4326.91,4412.94,3100.25,1841.93,2124.5,3599.92,0.0,2099.55,2766.17,8992.21,9780.36,9706.29,9609.37,8027.62,9755.78,6105.6,7488.97,6766.01,6395.53,4962.48,5749.49,6491.52,6563.61,5026.19,7732.07,8502.49,8419.39,5640.61,8469.36,1490.81,1555.16,2456.84,1318.6,2543.06,1500.84,1618.77,1851.32,1971.17,2410.38,6582.37,6020.54,7241.76,7376.2,10020.25
Jalan Kedungdoro,1891.69,2637.32,1601.9,1824.6,2295.02,2994.39,2468.13,3789.66,3808.69,2563.0,1263.65,882.47,1991.07,2096.84,0.0,2785.76,7238.47,8125.66,8051.6,7954.67,6273.88,7988.55,4913.58,5721.74,4998.77,4628.3,4425.23,5212.23,5954.27,6026.36,4488.94,7194.82,7265.77,7182.67,5103.36,7932.11,3587.65,3652.0,4553.67,3415.44,4639.89,3597.68,3715.6,3948.15,4068.01,4446.73,4925.4,4748.03,5474.52,5608.97,8253.02
Taman Ekspresi,2805.28,2022.92,2515.49,2738.19,1680.63,2379.99,1853.73,1881.65,2116.79,1046.42,2246.12,3239.08,3909.25,2209.54,3641.46,0.0,10103.26,11509.86,11435.79,11338.87,9722.74,10797.18,8052.01,8530.36,7807.4,6461.32,2517.22,3304.22,4046.25,4118.35,2580.93,5286.8,6060.4,5977.29,3195.35,6024.09,3599.69,2737.99,4640.92,2610.08,3436.67,3609.72,3828.31,3960.2,2511.08,2069.7,5363.72,4585.74,6162.88,6297.33,8941.38
Jalan Raya Darmo Permai,8309.55,8683.85,8019.77,8242.47,8341.55,8255.71,8171.72,8577.74,8525.13,8980.86,7681.51,7300.33,7542.76,8514.7,6783.03,9203.62,0.0,1688.82,1614.76,1517.83,742.32,1917.79,3806.6,1955.98,2892.41,3883.46,9549.07,10170.35,10142.18,10195.55,8972.52,11318.32,8706.3,8623.2,9272.55,10539.31,10005.51,10069.86,10971.53,9833.3,11057.75,10015.54,10133.47,10366.02,10485.87,10864.59,6173.1,6712.94,6050.78,6185.22,7076.15
Graha Famili Timur,9709.5,10094.35,9419.71,9642.41,9752.05,10039.62,9582.22,10361.66,10309.05,10380.8,9081.45,8700.28,8942.7,9806.59,7988.52,10603.56,1906.5,0.0,1226.14,1129.22,2526.23,892.4,4716.0,3739.9,4676.32,5667.37,11332.99,11954.26,11926.1,11979.46,10756.43,13102.23,10490.22,10407.11,11056.46,12323.23,11187.54,11251.89,12008.62,11015.34,12239.79,11197.57,11315.5,11548.05,11667.91,12107.11,7957.02,8496.85,7834.69,7969.14,8860.06
Spazio Jalan Yono Soewoyo,9907.88,10292.73,9618.09,9840.79,9950.43,10238.0,9780.6,10560.03,10507.42,10579.18,9279.83,8898.65,9141.08,10004.97,8186.9,10801.94,2104.87,1575.93,0.0,1341.05,2724.61,1804.9,4914.37,3938.27,4874.7,5865.75,11531.36,12152.64,12124.47,12177.84,10954.81,13300.61,10688.6,10605.49,11254.84,12521.6,11385.92,11450.27,12206.99,11213.71,12438.17,11395.95,11513.88,11746.43,11866.28,12305.49,8155.4,8695.23,8033.07,8167.52,9058.44
Plaza Segi Delapan,9505.33,9890.18,9215.54,9438.24,9547.88,9835.45,9378.05,10157.48,10104.87,10176.63,8877.28,8496.11,8738.53,9602.42,7784.35,10399.39,1702.32,1173.38,513.32,0.0,2322.06,1402.35,4511.82,3535.73,4472.15,5463.2,11128.82,11750.09,11721.92,11775.29,10552.26,12898.06,10286.05,10202.94,10852.29,12119.05,10983.37,11047.72,11804.45,10811.16,12035.62,10993.4,11111.33,11343.88,11463.74,11902.94,7752.85,8292.68,7630.52,7764.97,8655.89
Jalan HR Muhammad,7848.57,8220.75,7558.78,7781.48,7878.45,7748.39,7708.62,8070.42,8017.81,8519.87,7220.52,6839.34,7081.77,8053.71,6584.64,8742.63,1323.19,2618.13,2544.06,2447.13,0.0,2286.51,3608.21,1448.66,2385.08,3376.13,9041.75,9663.02,9634.86,9688.22,8465.19,10810.99,8198.98,8115.88,8765.22,10031.99,9544.52,9608.87,10510.55,9372.31,10596.77,9554.55,9672.48,9905.03,10024.88,10403.6,5665.78,6205.61,5543.45,5677.9,6568.82
Taman Pradah Kalikendal,9473.96,9846.14,9184.17,9406.87,9503.84,9373.78,9334.01,9695.81,9643.2,10145.26,8845.91,8464.74,8707.16,9679.1,8235.15,10368.02,2153.13,866.65,1472.78,1375.85,2457.47,0.0,4962.63,3074.05,4010.47,5001.53,10667.14,11288.41,11260.25,11313.61,10090.58,12436.38,9824.37,9741.27,10390.61,11657.38,11169.91,11234.26,12135.94,10997.7,12222.16,11179.94,11297.87,11530.42,11650.28,12029.0,7291.17,7831.0,7168.85,7303.29,8157.41
Kawasan Sukomanunggal,6258.82,6660.14,5969.03,6191.73,6317.84,6802.45,6148.01,7124.48,7071.87,6930.13,5630.77,5249.6,5508.49,6048.05,4554.31,7152.88,4375.15,4777.19,4703.12,4606.2,3651.73,5006.16,0.0,3948.71,4907.49,5321.09,8135.66,8756.93,8728.77,8782.13,7559.1,9904.9,8722.14,8639.04,7859.13,9696.51,7414.19,7478.54,7940.45,7241.98,8466.43,7424.22,7431.86,7774.69,7894.55,8333.75,6188.94,6265.82,6738.06,6872.51,8981.65
Jalan Raya Kupang Indah,5000.0,5000.0,5000.0,5000.0,5000.0,5000.0,5000.0,5000.0,5000.0,5000.0,5000.0,5000.0,5000.0,5000.0,5000.0,5000.0,5000.0,5000.0,5000.0,5000.0,5000.0,5000.0,5000.0,0.0,5000.0,5000.0,5000.0,5000.0,5000.0,5000.0,5000.0,5000.0,5000.0,5000.0,5000.0,5000.0,5000.0,5000.0,5000.0,5000.0,5000.0,5000.0,5000.0,5000.0,5000.0,5000.0,5000.0,5000.0,5000.0,5000.0,5000.0
Taman Makam Pahlawan Mayjen Sungkono,6098.75,6395.77,5808.96,6031.66,6053.48,5923.41,5883.64,6245.44,6192.83,6770.06,5470.71,5089.53,5331.95,6303.9,4944.59,6992.82,2654.72,4121.24,4269.47,4172.55,2476.77,3348.63,4838.31,1081.82,0.0,1551.16,7216.77,7838.04,7809.88,7863.25,6640.21,8986.01,6374.0,6290.9,6940.25,8207.01,7794.71,7859.06,8760.73,7622.5,8846.95,7804.74,7922.67,8155.21,8275.07,8653.79,3840.8,4380.63,3718.48,3852.92,4370.76
Ciputra World Surabaya,5821.7,5074.53,5531.91,5754.61,4732.24,4602.17,4562.4,4924.2,4871.59,6227.62,5193.65,4812.48,4292.58,6026.84,4728.07,6450.38,4031.26,5497.78,5646.01,5549.09,3853.31,4725.17,5561.15,2458.36,1735.39,0.0,5895.53,6516.8,6488.64,6542.01,5318.97,7664.77,5107.59,5024.48,5619.0,6940.59,7517.65,7582.01,8483.68,7345.45,8569.9,7527.68,7645.61,7878.16,7998.02,8018.48,2574.39,3114.22,2452.06,2586.51,4528.52
Kampus B Unair,4451.99,3523.08,4162.2,4384.9,3180.78,2139.04,3010.95,1350.37,1585.52,3107.51,3892.83,4309.97,3543.55,4592.49,4599.97,2693.35,9412.42,10878.94,11027.17,10930.25,9073.27,10106.33,8173.99,7839.52,7116.56,5770.48,0.0,1493.3,1681.01,1734.37,782.57,2920.63,3650.73,3567.62,811.37,3640.12,5982.64,5120.94,7023.87,4993.03,5819.62,5992.67,6211.26,6343.15,4806.28,4162.16,4672.88,3744.63,5472.04,5606.48,7812.88
Jalan Dharmahusada,5300.06,4371.15,5010.27,5232.97,4028.86,2987.12,3859.02,2198.45,2433.6,3669.57,4740.91,5158.05,4391.62,5002.55,5448.04,3103.41,10313.76,11780.28,11928.51,11831.59,9974.61,11007.67,9075.33,8740.86,8017.89,6671.82,1464.62,0.0,967.1,1385.44,1630.65,2226.64,3728.54,3703.52,757.86,3440.4,6392.7,5531.0,7433.93,5403.09,6229.68,6402.73,6621.32,6753.21,5216.34,4572.22,5574.21,4645.96,6373.37,6507.82,8705.23
Taman Mojo,6014.61,5085.71,5724.83,5947.53,4743.41,3701.67,4573.58,2913.0,3148.15,4473.72,5455.46,5872.6,4694.77,5806.71,6162.59,3907.56,10385.22,11851.74,11999.98,11903.05,10046.08,11079.14,9146.79,8812.33,8089.36,6743.28,2180.1,967.1,0.0,908.91,2178.95,1259.54,3524.23,3499.21,979.14,2731.8,7196.85,6335.15,8238.08,6207.24,7033.83,7206.88,7425.47,7557.36,6020.49,5376.37,5565.41,4717.43,6442.64,6577.09,8621.19
Jalan Manyar Kertoarjo,6066.69,5137.78,5776.9,5999.6,4795.48,3753.74,4625.65,2965.07,3200.22,4650.98,5507.53,5924.68,4560.85,5983.96,6214.67,4084.82,9902.37,11368.89,11517.13,11420.2,9563.23,10596.29,8663.94,8329.47,7606.51,6260.43,2251.95,1385.44,908.91,0.0,2231.02,1269.11,3041.38,3016.36,1031.22,2444.79,7374.1,6512.4,8415.33,6384.5,7211.08,7384.14,7602.73,7734.61,6197.74,5553.63,5082.56,4234.58,5959.79,6094.24,8138.34
Kampus A Unair Kedokteran,4535.19,3606.28,4245.4,4468.1,3263.98,2222.24,3094.15,1433.57,1668.72,2937.2,3976.03,4393.18,3101.85,4270.19,4683.17,2371.04,8885.15,10351.67,10499.91,10402.98,8546.01,9579.07,7646.72,7312.26,6589.29,5243.21,1378.01,2165.01,2341.33,2394.7,0.0,3580.95,4273.82,4190.72,1471.7,4300.45,5660.33,4798.63,6701.56,4670.72,5497.31,5670.36,5888.95,6020.84,4483.97,3839.85,4145.61,3217.36,4944.77,5079.22,7420.68
Jalan Kertajaya Indah,7434.05,6505.15,7144.27,7366.97,6162.85,5121.11,5993.02,4332.44,4567.59,5803.56,6874.9,7292.04,5923.58,7136.55,7582.03,5237.4,11265.1,12731.62,12879.86,12782.93,10925.95,11959.02,10026.67,9692.2,8969.24,7623.16,3598.61,2217.66,1555.84,1565.41,3734.79,0.0,3990.03,4073.69,2534.98,1933.3,8526.69,7664.99,9567.92,7537.08,8363.67,8536.72,8755.31,8887.2,7350.33,6706.21,6284.61,5597.31,7161.85,7296.29,9340.39
Taman Flora Bratang,7659.67,6002.85,7369.88,7592.58,5660.56,5089.95,5490.72,4692.06,4927.21,6449.2,7100.51,6788.01,5220.9,8002.37,7078.0,6266.81,8712.7,10179.22,10327.46,10230.53,8534.75,9406.62,8992.73,7139.81,6416.84,5314.6,4279.75,3796.39,3739.93,3144.68,4172.16,4178.91,0.0,88.05,3269.27,2557.84,9493.18,8694.39,10459.21,8566.49,9393.07,9503.21,9621.14,9853.69,8379.73,7735.62,2984.12,2800.82,3861.36,3995.8,5755.33
Taman Kebun Bibit Bratang,7571.62,5914.8,7281.83,7504.53,5572.51,5001.9,5402.67,4604.01,4839.16,6361.15,7012.47,6699.96,5132.85,7914.32,6989.95,6178.76,8624.65,10091.17,10239.41,10142.48,8446.7,9318.57,8904.68,7051.76,6328.79,5226.55,4191.7,3708.34,3651.88,3056.63,4084.11,4090.86,88.05,0.0,3181.22,2469.79,9405.13,8606.34,10371.16,8478.44,9305.02,9415.17,9533.09,9765.64,8291.68,7647.57,2896.07,2712.77,3773.31,3907.76,5667.28
Jalan Karang Menur,5465.97,4537.06,5176.18,5398.88,4194.76,3153.02,4024.93,2364.35,2599.5,4121.49,4906.81,5323.96,4146.12,5531.16,5613.95,3632.02,9929.43,11395.95,11544.18,11447.26,9590.28,10623.34,8690.99,8356.53,7633.56,6287.48,1651.23,932.64,904.48,957.84,1630.3,2144.1,3151.73,3126.71,0.0,2863.59,6921.3,6059.6,7962.53,5931.7,6758.28,6931.34,7149.93,7281.81,5744.94,5100.83,5189.88,4261.63,5989.04,6123.49,8248.69
Kawasan Menur Pumpungan,7839.8,6252.66,7550.02,7772.72,5910.37,5150.36,5740.53,4738.19,4973.34,6495.32,7280.65,7037.82,5470.71,8036.3,7327.81,6137.15,10522.13,11988.65,12136.89,12039.96,10344.18,11216.05,9573.81,8949.23,8226.27,7124.03,4131.39,3437.78,2531.56,2541.13,4110.47,2118.46,2333.73,2417.39,2910.66,0.0,9426.44,8564.74,10467.67,8436.84,9263.42,9436.47,9655.06,9786.95,8250.08,7605.96,4793.55,4610.25,5670.79,5805.23,7805.56
Jembatan Merah Surabaya,3691.55,4437.18,3401.76,3624.46,4094.88,4794.25,4267.99,5307.25,5542.4,4295.85,3037.54,3929.0,4795.53,2302.22,4209.89,3675.97,11102.55,11890.7,11816.64,11719.71,10137.96,11866.13,8228.32,9599.32,8876.35,8505.87,6051.11,6838.12,7580.15,7652.24,5941.5,8780.02,9531.09,9447.99,6729.24,9557.99,0.0,1193.88,1041.23,1447.16,2415.2,589.72,1581.19,695.86,1909.97,2620.75,7777.98,7216.14,8577.14,8711.58,11355.63
Kya-Kya Kembang Jepun,3422.51,4168.14,3132.72,3355.42,3825.84,4525.21,3998.95,4299.13,4534.28,3572.19,2768.5,3659.96,4526.49,2033.18,3940.85,2667.85,10833.51,11621.66,11547.6,11450.67,9868.92,11597.09,7959.28,9330.28,8607.31,8236.84,5042.99,5830.0,6572.03,6644.12,4933.38,7771.9,8522.97,8439.87,5721.12,8549.87,1623.48,0.0,2664.71,439.04,1221.32,1633.51,3058.34,1983.99,901.85,1612.62,7508.94,6947.1,8308.1,8442.54,11086.59
House of Sampoerna,4070.28,4815.9,3780.49,4003.19,4473.61,5172.98,4646.71,5687.15,5922.3,4674.58,3416.26,4307.72,5174.25,2680.94,4588.62,4055.87,11471.61,12178.14,12104.07,12007.15,10507.02,12244.85,8058.23,9978.04,9255.07,8884.6,6431.01,7218.02,7960.05,8032.14,6321.4,9159.92,9910.99,9827.89,7109.14,9937.89,1142.32,1573.78,0.0,1827.06,2625.24,1002.84,722.03,899.76,2289.87,3000.64,8156.7,7594.86,8955.86,9090.31,11734.36
Stasiun Surabaya Kota (Semut),3081.53,3827.16,2791.74,3014.44,3484.86,4184.23,3657.97,4575.83,4810.98,3685.83,2427.52,3318.98,4185.51,1692.2,3599.87,2944.55,10492.53,11280.68,11206.61,11109.69,9527.94,11256.11,7618.3,8989.3,8266.33,7895.85,5319.69,6106.7,6848.73,6920.82,5210.08,8048.6,8799.67,8716.57,5997.82,8826.57,1644.32,1306.42,2685.54,0.0,2158.49,1654.35,3079.18,2004.82,1586.6,1992.36,7167.96,6606.12,7967.12,8101.56,10745.61
Kawasan Ampel Suci,4219.71,4965.34,3929.93,4152.63,4623.05,5322.41,4796.15,5163.58,5398.72,4436.64,3565.7,4457.16,5323.69,2830.38,4738.05,3532.3,11630.72,12418.87,12344.8,12247.87,10666.12,12394.29,8756.48,10127.48,9404.51,9034.04,5907.44,6694.44,7436.47,7508.57,5797.82,8636.34,9387.42,9304.31,6585.56,9414.31,1482.51,1095.37,2142.72,1534.4,0.0,1492.54,2697.48,1843.02,1412.8,2477.07,8306.14,7744.3,9105.3,9239.74,11883.8
Taman Jayengrono,3101.83,3847.45,2812.04,3034.74,3505.16,4204.53,3678.26,4717.53,4952.68,3706.13,2447.81,3339.27,4205.8,1712.49,3620.17,3086.25,10512.83,11300.98,11226.91,11129.99,9548.24,11276.4,7638.6,9009.59,8286.63,7916.15,5461.39,6248.39,6990.42,7062.52,5351.78,8190.3,8941.37,8858.27,6139.52,8968.26,152.62,604.15,1109.43,857.44,1825.47,0.0,1485.76,350.48,1320.24,2031.02,7188.25,6626.42,7987.41,8121.86,10765.91
Jalan Rajawali,3717.91,4463.53,3428.12,3650.82,4121.24,4820.61,4294.34,5334.78,5569.93,4322.21,3063.89,3955.35,4821.88,2328.57,4236.25,3703.5,10863.28,11569.81,11495.74,11398.81,9898.68,11715.6,7449.9,9619.61,8902.7,8532.23,6078.64,6865.65,7607.68,7679.77,5969.03,8807.55,9558.62,9475.52,6756.77,9585.52,979.18,1221.41,874.83,1474.69,2442.72,826.56,0.0,931.04,1937.5,2648.27,7804.33,7242.49,8603.49,8737.94,11381.99
Gedung Cerutu,3204.91,3950.53,2915.12,3137.82,3608.24,4307.61,3781.34,4820.61,5055.75,3809.21,2550.89,3442.35,4308.88,1815.57,3723.25,3189.33,10615.91,11404.06,11329.99,11233.07,9651.32,11379.48,7741.67,9112.67,8389.7,8019.23,5564.47,6351.47,7093.5,7165.6,5454.86,8293.38,9044.45,8961.34,6242.6,9071.34,242.56,707.23,1097.64,960.51,1928.55,103.08,1473.97,0.0,1423.32,2134.1,7291.33,6729.49,8090.49,8224.94,10868.99
Jalan Kembang Jepun Timur,4048.43,4353.8,3758.64,3981.34,4011.5,4710.87,4184.61,4104.23,4339.38,3377.3,3394.41,4317.7,5152.41,2690.92,4598.59,2472.95,11491.26,12279.41,12205.34,12108.41,10526.66,12254.83,8617.02,9988.02,9265.05,8779.74,4848.09,5635.1,6377.13,6449.22,4738.48,7504.87,8328.08,8244.97,5526.22,8354.97,1906.13,1027.43,2947.35,1407.82,1503.97,1916.16,3340.99,2266.64,0.0,1381.51,7682.14,6808.33,8481.3,8615.74,11259.79
Kawasan Kapasan,3476.89,3782.26,3187.1,3409.8,3439.96,4139.33,3613.07,3532.7,3767.84,2805.76,2822.88,3800.35,4580.87,2332.47,4186.64,1901.42,11079.3,11867.45,11793.38,11696.45,10114.7,11790.66,8205.06,9523.84,8800.88,8208.2,4276.56,5063.56,5805.59,5877.69,4166.94,6931.22,7756.54,7673.43,4954.68,7783.43,2746.45,1867.75,3787.68,2033.38,2344.29,2756.48,3951.24,3106.96,840.32,0.0,7110.6,6236.79,7909.76,8044.2,10688.25
Taman Bungkul,5935.5,4278.68,5645.71,5868.41,3936.38,3434.19,3766.55,3756.22,3703.61,5225.6,5376.34,5063.83,3496.72,6278.2,5231.24,5381.69,6390.41,7856.93,8005.16,7908.24,6212.45,7084.32,6670.44,4817.51,4094.54,2992.3,4651.09,5177.79,5149.62,4674.1,4085.33,5708.33,2954.13,2871.03,4352.5,4787.14,7769.01,7472.61,8735.03,7344.7,8171.28,7779.04,7896.97,8129.52,7245.69,6850.5,0.0,968.95,1139.23,1273.68,3917.73
Jalan Raya Darmo (CFD),5140.8,3483.98,4851.02,5073.72,3141.69,2631.08,2971.85,2953.11,2900.51,4422.49,4581.65,4269.14,2702.03,5483.51,4559.13,4578.59,6705.57,8172.09,8320.33,8223.4,6527.62,7399.49,6669.55,5132.68,4409.71,3307.47,3924.45,4545.72,4517.55,4514.03,3347.89,5548.27,2794.07,2710.96,3647.92,4627.07,6974.32,6677.91,7940.34,6550.01,7376.59,6984.35,7102.27,7334.82,6451.0,6047.4,1294.93,0.0,2172.17,2306.62,4950.67
Kebun Binatang Surabaya,6018.87,4474.36,5729.08,5951.78,4132.06,4001.99,3962.23,4324.02,4271.41,5627.45,5390.82,5009.64,3692.4,6224.01,4925.24,5850.21,5712.75,7179.27,7327.51,7230.58,5534.8,6406.67,6364.43,4139.86,3416.89,2418.28,5295.36,5916.63,5888.46,5641.23,4718.8,6675.47,3921.27,3838.16,5018.83,5754.27,7714.82,7668.29,8680.85,7540.38,8366.96,7724.85,7842.78,8075.33,7441.37,7418.31,1388.07,1927.9,0.0,134.45,4326.68
Patung Suro dan Boyo,5892.01,4347.5,5602.22,5824.92,4005.2,3875.14,3835.37,4197.17,4144.56,5500.59,5263.96,4882.79,3565.54,6097.15,4798.38,5723.35,5585.89,7052.42,7200.65,7103.73,5407.94,6279.81,6237.57,4013.0,3290.03,2291.42,5168.5,5789.77,5761.61,5514.38,4591.94,6548.61,3794.41,3711.31,4891.97,5627.42,7587.96,7541.43,8553.99,7413.52,8240.11,7597.99,7715.92,7948.47,7314.52,7291.45,1261.21,1801.04,134.45,0.0,4199.82
Kawasan Kampus Ketintang Unesa,9098.42,7441.6,8808.64,9031.34,7099.31,6969.24,6929.47,7291.27,7238.66,8594.7,8539.27,8184.62,6659.65,9398.98,8100.21,8817.45,6462.36,7928.88,8077.12,7980.19,6284.41,7156.28,8619.08,4862.58,4369.63,4807.26,8100.34,8627.04,8598.87,8123.34,7534.58,9157.58,5734.18,5646.13,7801.75,7848.54,10889.79,10635.53,11855.82,10507.63,11334.21,10899.83,11017.75,11250.3,10408.62,10374.55,4161.56,4821.52,3364.16,3498.61,0.0
